level,name,Total population_2022,Population under age 18_2022,Percent under age 18_2022,Population ages 18+_2022,Percent ages 18+_2022,Population ages 65+_2022,Percent ages 65+_2022,White population_2022,Percent white_2022,Black population_2022,Percent Black_2022,Latino population_2022,Percent Latino_2022,Other race population_2022,Percent other race_2022,Foreign-born population_2022,Percent foreign-born_2022,Total households_2022,Owner-occupied households_2022,Homeownership rate_2022,Cost-burdened households_2022,Cost-burden rate_2022,Poverty status known_2022,Population in poverty_2022,Poverty rate_2022,Low-income population_2022,Low-income rate_2022,"Under 18, poverty status known_2022",Children in poverty_2022,Child poverty rate_2022,Low-income children_2022,Child low-income rate_2022,"Ages 65+, poverty status known_2022",Seniors in poverty_2022,Senior poverty rate_2022,Low-income seniors_2022,Senior low-income rate_2022,Life expectancy in years_2010-2015,Percent adults with coronary heart disease_2021,Current asthma rate (adults)_2021,Diabetes rate (adults)_2021,Percent adults with high blood pressure_2021,Percent adults with any disability_2021,Percent adults with mobility disability_2021,Annual checkup rate (adults)_2021,Annual dental visit rate (adults)_2020,"Ages 18-64, no health insurance_2021",Current smoking rate (adults)_2021,Percent adults sleeping under 7 hours daily_2020
state,Connecticut,3611317,742877,0.21,2868440,0.79,629108,0.17,2308644,0.64,355970,0.1,627408,0.17,319295,0.09,542964,0.15,1409807,932588,0.66,480042,0.35,3507563,355692,0.1,786615,0.22,733553,98183,0.13,210923,0.29,609617,48446,0.08,132552,0.22,80.3,0.052,0.111,0.094,0.297,0.248,0.112,0.754,0.704,0.08,0.139,0.336
lower_legis,State House District 1,21973,5290,0.24,16683,0.76,2584,0.12,4179,0.19,10485,0.48,5809,0.26,1500,0.07,4779,0.22,10107,1864,0.18,4957,0.52,21577,5331,0.25,11137,0.52,5177,1365,0.26,3198,0.62,2481,600,0.24,1038,0.42,77.1,0.056,0.147,0.149,0.353,0.367,0.165,0.769,0.527,0.145,0.199,0.42
lower_legis,State House District 10,22805,4439,0.19,18366,0.81,3428,0.15,8190,0.36,5390,0.24,7850,0.34,1375,0.06,3575,0.16,9296,5583,0.6,3474,0.39,22450,3036,0.14,7671,0.34,4359,535,0.12,1924,0.44,3236,634,0.2,1146,0.35,76.6,0.064,0.129,0.133,0.354,0.336,0.157,0.771,0.594,0.129,0.181,0.384
lower_legis,State House District 100,22911,4040,0.18,18871,0.82,4540,0.2,15048,0.66,3191,0.14,2898,0.13,1774,0.08,2270,0.1,10221,5660,0.55,3945,0.39,22120,3166,0.14,6404,0.29,4021,808,0.2,1692,0.42,4135,386,0.09,932,0.23,78.7,0.055,0.118,0.097,0.295,0.266,0.117,0.772,0.68,0.075,0.151,0.327
lower_legis,State House District 101,22964,4290,0.19,18674,0.81,5307,0.23,20575,0.9,93,0,539,0.02,1757,0.08,1436,0.06,9076,8196,0.9,2275,0.25,22789,747,0.03,1597,0.07,4252,78,0.02,131,0.03,5219,223,0.04,591,0.11,82.2,0.051,0.101,0.081,0.301,0.197,0.09,0.78,0.8,0.036,0.104,0.303
lower_legis,State House District 102,23244,3535,0.15,19709,0.85,5838,0.25,19385,0.83,648,0.03,1659,0.07,1552,0.07,2293,0.1,10987,7116,0.65,3874,0.36,23017,1659,0.07,3997,0.17,3504,333,0.1,606,0.17,5647,413,0.07,1180,0.21,80,0.057,0.104,0.092,0.319,0.236,0.111,0.767,0.752,0.052,0.132,0.33
lower_legis,State House District 103,24049,4541,0.19,19508,0.81,4223,0.18,17593,0.73,1455,0.06,1676,0.07,3325,0.14,2760,0.11,8598,7396,0.86,2125,0.26,22237,1006,0.05,2195,0.1,4430,163,0.04,374,0.08,4020,304,0.08,597,0.15,81.2,0.048,0.102,0.076,0.283,0.211,0.09,0.757,0.779,0.047,0.11,0.322
lower_legis,State House District 104,23982,4639,0.19,19343,0.81,4467,0.19,12368,0.52,2995,0.12,7268,0.3,1351,0.06,4128,0.17,10344,5305,0.51,4089,0.41,23977,3267,0.14,7167,0.3,4639,761,0.16,2012,0.43,4465,786,0.18,1431,0.32,76.5,0.057,0.116,0.104,0.317,0.284,0.131,0.743,0.656,0.098,0.186,0.373
lower_legis,State House District 105,23460,4512,0.19,18948,0.81,4434,0.19,18048,0.77,1133,0.05,2923,0.12,1356,0.06,1982,0.08,9378,7184,0.77,3092,0.34,23252,1345,0.06,3351,0.14,4474,352,0.08,708,0.16,4277,261,0.06,769,0.18,78,0.053,0.11,0.091,0.304,0.25,0.113,0.745,0.711,0.071,0.162,0.354
lower_legis,State House District 106,25336,5656,0.22,19680,0.78,4893,0.19,20686,0.82,666,0.03,2477,0.1,1507,0.06,1809,0.07,8920,8061,0.9,2540,0.29,24856,1097,0.04,2659,0.11,5656,320,0.06,669,0.12,4770,234,0.05,550,0.12,82.8,0.044,0.097,0.067,0.253,0.172,0.08,0.731,0.784,0.046,0.102,0.292
lower_legis,State House District 107,24457,5256,0.21,19201,0.79,4632,0.19,19399,0.79,480,0.02,2516,0.1,2062,0.08,3393,0.14,8777,7654,0.87,2389,0.27,24176,856,0.04,2008,0.08,5191,254,0.05,501,0.1,4420,156,0.04,391,0.09,82.2,0.048,0.099,0.071,0.261,0.185,0.087,0.733,0.773,0.049,0.106,0.294
lower_legis,State House District 108,25342,5064,0.2,20278,0.8,4780,0.19,18990,0.75,701,0.03,3401,0.13,2250,0.09,2979,0.12,9040,8017,0.89,2937,0.33,24331,1385,0.06,3395,0.14,4888,215,0.04,827,0.17,4729,327,0.07,610,0.13,82.2,0.047,0.102,0.074,0.261,0.196,0.092,0.729,0.746,0.06,0.119,0.309
lower_legis,State House District 109,23685,5607,0.24,18078,0.76,3405,0.14,9655,0.41,3746,0.16,7327,0.31,2957,0.12,8175,0.35,8136,4942,0.61,3643,0.46,23004,2278,0.1,7135,0.31,5549,827,0.15,2518,0.45,3287,279,0.08,773,0.24,81,0.045,0.108,0.08,0.245,0.238,0.104,0.694,0.651,0.126,0.15,0.334
lower_legis,State House District 11,24033,5683,0.24,18350,0.76,2491,0.1,6675,0.28,6000,0.25,7639,0.32,3719,0.15,5834,0.24,9880,3804,0.39,3876,0.4,23911,3056,0.13,8704,0.36,5571,1109,0.2,2960,0.53,2491,204,0.08,606,0.24,78,0.052,0.122,0.112,0.314,0.293,0.128,0.759,0.628,0.109,0.159,0.375
lower_legis,State House District 110,24781,5123,0.21,19658,0.79,2923,0.12,7905,0.32,3031,0.12,10680,0.43,3165,0.13,11146,0.45,9635,3088,0.32,4504,0.48,24495,4058,0.17,10001,0.41,4989,1172,0.23,2877,0.58,2829,581,0.21,1381,0.49,80.8,0.044,0.109,0.082,0.239,0.249,0.106,0.685,0.626,0.151,0.156,0.34
lower_legis,State House District 111,23262,5929,0.25,17333,0.75,4401,0.19,19437,0.84,479,0.02,1409,0.06,1937,0.08,2874,0.12,8606,7288,0.85,2882,0.34,23146,872,0.04,2787,0.12,5929,210,0.04,937,0.16,4314,295,0.07,686,0.16,82.8,0.044,0.095,0.066,0.253,0.157,0.074,0.746,0.816,0.034,0.078,0.273
lower_legis,State House District 112,24057,6004,0.25,18053,0.75,3878,0.16,20877,0.87,243,0.01,1139,0.05,1798,0.07,2666,0.11,7922,7278,0.92,2213,0.28,24057,639,0.03,1335,0.06,6004,185,0.03,298,0.05,3878,34,0.01,273,0.07,82,0.05,0.098,0.072,0.269,0.188,0.09,0.74,0.777,0.048,0.103,0.29
lower_legis,State House District 113,25152,4369,0.17,20783,0.83,4570,0.18,17205,0.68,1202,0.05,3365,0.13,3380,0.13,3651,0.15,9763,7363,0.75,2268,0.24,24972,1081,0.04,3057,0.12,4367,252,0.06,574,0.13,4407,242,0.05,786,0.18,81.2,0.053,0.101,0.077,0.276,0.207,0.1,0.735,0.749,0.059,0.116,0.3
lower_legis,State House District 114,23245,5093,0.22,18152,0.78,4848,0.21,17138,0.74,1019,0.04,2189,0.09,2899,0.12,3572,0.15,8838,7812,0.88,2439,0.28,23045,738,0.03,2777,0.12,5060,71,0.01,578,0.11,4708,185,0.04,576,0.12,80.8,0.053,0.105,0.092,0.312,0.234,0.107,0.765,0.744,0.06,0.13,0.339
lower_legis,State House District 115,22896,4398,0.19,18498,0.81,3230,0.14,11892,0.52,3474,0.15,6090,0.27,1440,0.06,4031,0.18,9488,3845,0.41,3955,0.43,22154,2785,0.13,6846,0.31,4386,383,0.09,1796,0.41,3155,227,0.07,650,0.21,78.1,0.053,0.113,0.1,0.312,0.268,0.122,0.747,0.675,0.091,0.17,0.37
lower_legis,State House District 116,21988,5045,0.23,16943,0.77,2586,0.12,6814,0.31,5176,0.24,7610,0.35,2388,0.11,5730,0.26,7010,3381,0.48,2866,0.41,19027,2528,0.13,6623,0.35,4989,783,0.16,2356,0.47,2505,184,0.07,553,0.22,77.6,0.046,0.118,0.101,0.296,0.273,0.117,0.739,0.641,0.109,0.171,0.392
lower_legis,State House District 117,24218,3872,0.16,20346,0.84,5734,0.24,20860,0.86,550,0.02,1817,0.08,991,0.04,2115,0.09,9754,8223,0.84,2840,0.3,24022,1001,0.04,2247,0.09,3853,100,0.03,284,0.07,5560,255,0.05,829,0.15,79.7,0.052,0.105,0.091,0.309,0.232,0.106,0.76,0.739,0.062,0.137,0.344
lower_legis,State House District 118,22325,3648,0.16,18677,0.84,4546,0.2,18446,0.83,521,0.02,1684,0.08,1674,0.07,2292,0.1,10146,6595,0.65,3515,0.36,22150,1202,0.05,3115,0.14,3599,79,0.02,367,0.1,4467,385,0.09,772,0.17,80.1,0.048,0.103,0.082,0.291,0.214,0.095,0.753,0.761,0.051,0.127,0.334
lower_legis,State House District 119,24924,5217,0.21,19707,0.79,4642,0.19,20224,0.81,529,0.02,1919,0.08,2252,0.09,2603,0.1,9054,8091,0.89,2441,0.27,24797,828,0.03,2093,0.08,5205,251,0.05,421,0.08,4547,142,0.03,445,0.1,81.8,0.05,0.101,0.082,0.298,0.21,0.094,0.762,0.777,0.045,0.118,0.325
lower_legis,State House District 12,23316,4248,0.18,19068,0.82,3862,0.17,13477,0.58,2932,0.13,4612,0.2,2295,0.1,3418,0.15,9831,6388,0.65,3022,0.32,23148,2822,0.12,5570,0.24,4213,716,0.17,1295,0.31,3759,525,0.14,1027,0.27,79.5,0.05,0.116,0.091,0.294,0.256,0.106,0.76,0.698,0.068,0.133,0.345
lower_legis,State House District 120,26065,4769,0.18,21296,0.82,5361,0.21,20970,0.8,1413,0.05,2733,0.1,949,0.04,2130,0.08,9815,8854,0.9,3328,0.34,25993,1130,0.04,3411,0.13,4723,229,0.05,732,0.15,5346,406,0.08,1027,0.19,79.7,0.053,0.102,0.078,0.277,0.212,0.102,0.735,0.739,0.066,0.119,0.309
lower_legis,State House District 121,20716,3811,0.18,16905,0.82,3799,0.18,12328,0.6,3330,0.16,4153,0.2,905,0.04,3233,0.16,8351,6197,0.74,3341,0.41,20668,1776,0.09,4634,0.22,3763,504,0.13,1215,0.32,3799,331,0.09,834,0.22,78.6,0.052,0.109,0.088,0.284,0.232,0.112,0.732,0.691,0.092,0.137,0.335
lower_legis,State House District 122,24602,4531,0.18,20071,0.82,6525,0.27,18916,0.77,761,0.03,2056,0.08,2869,0.12,3977,0.16,9612,7957,0.83,3980,0.42,24134,1742,0.07,3913,0.16,4517,276,0.06,580,0.13,6173,517,0.08,1185,0.19,81.9,0.056,0.097,0.078,0.285,0.204,0.1,0.748,0.769,0.053,0.102,0.29
lower_legis,State House District 123,25263,7159,0.28,18104,0.72,4477,0.18,20244,0.8,352,0.01,1159,0.05,3508,0.14,4115,0.16,8165,7315,0.9,2415,0.3,25041,1173,0.05,2154,0.09,7105,421,0.06,618,0.09,4343,184,0.04,592,0.14,82.4,0.052,0.097,0.073,0.274,0.19,0.092,0.747,0.781,0.048,0.095,0.286
lower_legis,State House District 124,21184,5337,0.25,15847,0.75,2930,0.14,3448,0.16,6354,0.3,9573,0.45,1809,0.09,6031,0.28,7400,3143,0.42,3942,0.56,20786,6185,0.3,10436,0.5,5313,2538,0.48,3605,0.68,2693,535,0.2,1334,0.5,75.9,0.06,0.127,0.135,0.332,0.318,0.167,0.735,0.541,0.181,0.192,0.392
lower_legis,State House District 125,22440,5502,0.25,16938,0.75,4038,0.18,18104,0.81,332,0.01,1515,0.07,2489,0.11,3120,0.14,7651,6823,0.89,2427,0.33,22258,541,0.02,1602,0.07,5502,74,0.01,246,0.04,3893,143,0.04,329,0.08,85.1,0.046,0.095,0.069,0.262,0.165,0.079,0.749,0.808,0.038,0.08,0.274
lower_legis,State House District 126,23660,4813,0.2,18847,0.8,3761,0.16,6876,0.29,6005,0.25,8702,0.37,2077,0.09,7429,0.31,8343,5879,0.7,3669,0.46,23601,4101,0.17,8213,0.35,4758,1422,0.3,2637,0.55,3761,388,0.1,1125,0.3,78.1,0.054,0.121,0.119,0.312,0.285,0.145,0.733,0.587,0.158,0.169,0.379
lower_legis,State House District 127,30116,5137,0.17,24979,0.83,4124,0.14,14908,0.5,3101,0.1,7385,0.25,4722,0.16,9884,0.33,10789,5966,0.55,5217,0.5,28564,5007,0.18,10803,0.38,5106,1020,0.2,2764,0.54,3936,376,0.1,1050,0.27,78.9,0.049,0.115,0.094,0.273,0.262,0.121,0.713,0.624,0.138,0.156,0.354
lower_legis,State House District 128,19326,5203,0.27,14123,0.73,1758,0.09,2962,0.15,4264,0.22,11226,0.58,874,0.05,7599,0.39,6905,1810,0.26,3843,0.57,19171,6152,0.32,11989,0.63,5104,2536,0.5,4092,0.8,1758,424,0.24,937,0.53,76,0.053,0.129,0.13,0.298,0.341,0.165,0.7,0.479,0.245,0.218,0.398
lower_legis,State House District 129,26503,4292,0.16,22211,0.84,3421,0.13,12389,0.47,4531,0.17,6475,0.24,3108,0.12,7319,0.28,11270,4418,0.39,5227,0.47,25857,4436,0.17,8684,0.34,4251,1093,0.26,1977,0.47,3421,540,0.16,1094,0.32,79.3,0.046,0.119,0.101,0.273,0.278,0.127,0.702,0.575,0.172,0.178,0.37
lower_legis,State House District 13,23429,4950,0.21,18479,0.79,3732,0.16,13510,0.58,2847,0.12,4661,0.2,2411,0.1,2932,0.13,9238,5471,0.59,2669,0.3,23297,2517,0.11,5854,0.25,4877,904,0.19,1519,0.31,3692,201,0.05,879,0.24,79.5,0.052,0.115,0.095,0.308,0.249,0.107,0.772,0.718,0.062,0.126,0.336
lower_legis,State House District 130,21281,4610,0.22,16671,0.78,2365,0.11,3966,0.19,4487,0.21,9648,0.45,3180,0.15,5806,0.27,7859,2092,0.27,4034,0.54,20331,6392,0.31,10879,0.54,4595,1879,0.41,3201,0.7,2364,678,0.29,1400,0.59,76.2,0.052,0.126,0.127,0.294,0.321,0.154,0.705,0.505,0.214,0.196,0.389
lower_legis,State House District 131,22090,4546,0.21,17544,0.79,4432,0.2,16929,0.77,1006,0.05,2572,0.12,1583,0.07,2432,0.11,8430,6769,0.8,1974,0.24,21866,479,0.02,2365,0.11,4535,46,0.01,237,0.05,4235,278,0.07,954,0.23,81.2,0.047,0.106,0.082,0.288,0.22,0.097,0.748,0.748,0.056,0.141,0.342
lower_legis,State House District 132,25020,5454,0.22,19566,0.78,3293,0.13,22340,0.89,188,0.01,951,0.04,1541,0.06,2085,0.08,8172,6642,0.81,2596,0.32,21686,1646,0.08,2617,0.12,5326,85,0.02,365,0.07,3167,110,0.03,424,0.13,82.2,0.043,0.1,0.062,0.234,0.177,0.077,0.724,0.783,0.048,0.09,0.283
lower_legis,State House District 133,24864,5615,0.23,19249,0.77,5120,0.21,18822,0.76,645,0.03,2069,0.08,3328,0.13,6403,0.26,9723,6869,0.71,3887,0.41,24569,1840,0.07,5262,0.21,5480,286,0.05,1232,0.22,4995,601,0.12,1544,0.31,80.8,0.05,0.105,0.08,0.265,0.221,0.104,0.726,0.713,0.086,0.12,0.314
lower_legis,State House District 134,25290,7031,0.28,18259,0.72,3929,0.16,22772,0.9,206,0.01,767,0.03,1545,0.06,2300,0.09,7668,7305,0.95,1924,0.25,23663,560,0.02,2243,0.09,7009,114,0.02,894,0.13,3695,142,0.04,294,0.08,82.3,0.048,0.098,0.067,0.253,0.184,0.084,0.738,0.789,0.046,0.087,0.28
lower_legis,State House District 135,23609,5596,0.24,18013,0.76,4328,0.18,19341,0.82,564,0.02,1526,0.06,2178,0.09,2646,0.11,8437,7682,0.91,2835,0.34,23440,1066,0.05,2105,0.09,5581,330,0.06,545,0.1,4181,189,0.05,448,0.11,85,0.048,0.096,0.07,0.266,0.168,0.081,0.75,0.806,0.036,0.085,0.278
lower_legis,State House District 136,23520,6395,0.27,17125,0.73,4212,0.18,18732,0.8,431,0.02,2114,0.09,2243,0.1,3549,0.15,8292,7450,0.9,2570,0.32,23481,1164,0.05,1637,0.07,6382,264,0.04,333,0.05,4212,235,0.06,459,0.11,85.4,0.048,0.094,0.07,0.269,0.165,0.08,0.755,0.813,0.035,0.079,0.272
lower_legis,State House District 137,22210,3238,0.15,18972,0.85,3447,0.16,10402,0.47,3904,0.18,6056,0.27,1848,0.08,6497,0.29,9685,4026,0.42,3894,0.41,21942,2325,0.11,4032,0.18,3175,496,0.16,870,0.27,3253,220,0.07,723,0.22,81.2,0.043,0.105,0.082,0.253,0.215,0.097,0.711,0.685,0.106,0.127,0.329
lower_legis,State House District 138,24159,4970,0.21,19189,0.79,3787,0.16,12326,0.51,2700,0.11,6755,0.28,2378,0.1,6186,0.26,8438,5792,0.69,2804,0.34,22821,1945,0.09,4846,0.21,4934,767,0.16,1796,0.36,3635,94,0.03,397,0.11,82.3,0.047,0.107,0.081,0.249,0.235,0.104,0.702,0.665,0.119,0.141,0.328
lower_legis,State House District 139,25261,4709,0.19,20552,0.81,5241,0.21,18307,0.72,1576,0.06,2873,0.11,2505,0.1,2123,0.08,9990,6843,0.68,3571,0.37,24089,2681,0.11,6266,0.26,4704,696,0.15,1669,0.35,4995,384,0.08,1288,0.26,80.6,0.055,0.113,0.098,0.293,0.261,0.112,0.768,0.704,0.077,0.164,0.351
lower_legis,State House District 14,23234,5413,0.23,17821,0.77,3850,0.17,15175,0.65,1042,0.04,1662,0.07,5355,0.23,4335,0.19,8603,7283,0.85,1739,0.21,23193,1138,0.05,2110,0.09,5397,220,0.04,359,0.07,3839,240,0.06,586,0.15,81.2,0.053,0.109,0.092,0.314,0.23,0.101,0.781,0.759,0.044,0.11,0.321
lower_legis,State House District 140,26020,6301,0.24,19719,0.76,3066,0.12,4969,0.19,6406,0.25,13098,0.5,1547,0.06,10705,0.41,9247,3613,0.39,3987,0.45,25806,4116,0.16,9201,0.36,6087,1517,0.25,3070,0.5,3066,372,0.12,748,0.24,81.7,0.045,0.11,0.091,0.262,0.239,0.11,0.707,0.64,0.136,0.145,0.346
lower_legis,State House District 141,23710,7332,0.31,16378,0.69,3167,0.13,19491,0.82,332,0.01,1294,0.05,2593,0.11,2562,0.11,7942,6714,0.85,2409,0.31,23697,1257,0.05,1820,0.08,7319,370,0.05,500,0.07,3167,139,0.04,349,0.11,83.7,0.041,0.094,0.061,0.241,0.15,0.069,0.738,0.816,0.035,0.077,0.273
lower_legis,State House District 142,22896,4282,0.19,18614,0.81,3930,0.17,13809,0.6,2706,0.12,4457,0.19,1924,0.08,5919,0.26,8904,6343,0.71,3304,0.38,22893,1864,0.08,3369,0.15,4282,518,0.12,844,0.2,3928,250,0.06,638,0.16,83.6,0.046,0.102,0.077,0.26,0.198,0.092,0.729,0.736,0.079,0.109,0.306
lower_legis,State House District 143,23542,4543,0.19,18999,0.81,4587,0.19,14388,0.61,2801,0.12,4630,0.2,1723,0.07,5213,0.22,8853,6236,0.7,3208,0.37,23207,1553,0.07,4167,0.18,4332,248,0.06,1028,0.24,4500,299,0.07,941,0.21,83.9,0.047,0.1,0.075,0.262,0.193,0.091,0.732,0.751,0.066,0.106,0.302
lower_legis,State House District 144,21966,3336,0.15,18630,0.85,3460,0.16,10928,0.5,2947,0.13,4434,0.2,3657,0.17,7407,0.34,9893,4161,0.42,4470,0.46,21813,1668,0.08,4053,0.19,3313,374,0.11,871,0.26,3426,192,0.06,628,0.18,82.8,0.04,0.096,0.069,0.237,0.179,0.079,0.717,0.743,0.067,0.095,0.304
lower_legis,State House District 145,26830,5630,0.21,21200,0.79,3867,0.14,3732,0.14,9737,0.36,12141,0.45,1220,0.05,9749,0.36,10121,3048,0.3,5059,0.51,26617,4071,0.15,9693,0.36,5460,998,0.18,2719,0.5,3827,651,0.17,1516,0.4,80,0.045,0.106,0.091,0.259,0.238,0.11,0.707,0.636,0.138,0.133,0.344
lower_legis,State House District 146,24943,4652,0.19,20291,0.81,3108,0.12,9316,0.37,5976,0.24,7036,0.28,2615,0.1,8816,0.35,11042,2122,0.19,4999,0.46,24522,3170,0.13,7197,0.29,4367,868,0.2,1767,0.4,3017,682,0.23,1385,0.46,81.2,0.04,0.101,0.079,0.238,0.208,0.091,0.701,0.68,0.118,0.114,0.323
lower_legis,State House District 147,23129,4757,0.21,18372,0.79,4172,0.18,13195,0.57,2432,0.11,5543,0.24,1959,0.08,6162,0.27,8709,6033,0.69,3066,0.36,23069,1814,0.08,4235,0.18,4730,832,0.18,1435,0.3,4172,260,0.06,655,0.16,83.4,0.046,0.098,0.075,0.259,0.188,0.088,0.734,0.757,0.063,0.101,0.298
lower_legis,State House District 148,23590,4865,0.21,18725,0.79,2804,0.12,8689,0.37,2774,0.12,9747,0.41,2380,0.1,9104,0.39,8691,4692,0.54,4151,0.49,23373,2475,0.11,7639,0.33,4819,732,0.15,2182,0.45,2694,219,0.08,854,0.32,81.3,0.042,0.104,0.079,0.242,0.214,0.096,0.704,0.679,0.113,0.124,0.328
lower_legis,State House District 149,22800,4396,0.19,18404,0.81,4995,0.22,18386,0.81,1130,0.05,1692,0.07,1592,0.07,3396,0.15,8036,6438,0.8,2463,0.32,22335,796,0.04,1969,0.09,4365,157,0.04,425,0.1,4623,137,0.03,534,0.12,84.1,0.051,0.094,0.073,0.274,0.175,0.085,0.755,0.803,0.04,0.08,0.273
lower_legis,State House District 15,23287,3517,0.15,19770,0.85,5877,0.25,7705,0.33,11968,0.51,1850,0.08,1764,0.08,4854,0.21,9543,6450,0.68,3150,0.34,22655,1601,0.07,3453,0.15,3477,230,0.07,597,0.17,5561,374,0.07,966,0.17,80.5,0.067,0.121,0.132,0.4,0.289,0.145,0.822,0.709,0.059,0.118,0.361
lower_legis,State House District 150,23738,6077,0.26,17661,0.74,3666,0.15,15322,0.65,1106,0.05,4782,0.2,2528,0.11,5591,0.24,8776,4767,0.54,3434,0.4,23720,1490,0.06,4509,0.19,6068,398,0.07,1409,0.23,3662,297,0.08,602,0.16,84.4,0.048,0.098,0.076,0.263,0.188,0.09,0.738,0.762,0.06,0.097,0.291
lower_legis,State House District 151,24586,7175,0.29,17411,0.71,4061,0.17,16633,0.68,816,0.03,3161,0.13,3976,0.16,6116,0.25,8497,6426,0.76,2384,0.28,24425,993,0.04,2000,0.08,7175,289,0.04,497,0.07,3905,106,0.03,367,0.09,84.5,0.048,0.095,0.072,0.263,0.171,0.082,0.748,0.798,0.042,0.081,0.277
lower_legis,State House District 16,24617,6121,0.25,18496,0.75,4462,0.18,20139,0.82,690,0.03,1802,0.07,1986,0.08,2287,0.09,9187,7052,0.77,2038,0.23,24233,1542,0.06,2930,0.12,6087,474,0.08,844,0.14,4161,253,0.06,637,0.15,82.5,0.05,0.106,0.084,0.304,0.207,0.089,0.785,0.794,0.034,0.092,0.304
lower_legis,State House District 17,24599,5779,0.23,18820,0.77,5127,0.21,20563,0.84,371,0.02,1079,0.04,2586,0.11,2968,0.12,10087,8530,0.85,2855,0.29,24358,1234,0.05,2582,0.11,5736,323,0.06,596,0.1,4986,198,0.04,607,0.12,81.1,0.054,0.108,0.089,0.315,0.22,0.097,0.787,0.783,0.037,0.099,0.307
lower_legis,State House District 18,24696,4687,0.19,20009,0.81,4347,0.18,17171,0.7,2287,0.09,3178,0.13,2060,0.08,4382,0.18,10744,5829,0.54,3174,0.3,23865,1640,0.07,3656,0.15,4660,381,0.08,736,0.16,3901,328,0.08,1080,0.28,82.8,0.054,0.108,0.089,0.307,0.231,0.099,0.786,0.77,0.045,0.088,0.303
lower_legis,State House District 19,24348,5975,0.25,18373,0.75,4903,0.2,18955,0.78,661,0.03,1137,0.05,3595,0.15,3939,0.16,9344,7963,0.85,1929,0.21,24147,651,0.03,1352,0.06,5964,77,0.01,208,0.03,4768,167,0.04,413,0.09,83.6,0.054,0.104,0.087,0.313,0.212,0.092,0.793,0.797,0.035,0.083,0.296
lower_legis,State House District 2,23378,4852,0.21,18526,0.79,3703,0.16,15496,0.66,1842,0.08,3119,0.13,2921,0.12,4823,0.21,9439,6678,0.71,3615,0.39,23337,990,0.04,4858,0.21,4811,127,0.03,1636,0.34,3703,255,0.07,773,0.21,80.9,0.046,0.103,0.074,0.253,0.204,0.094,0.717,0.727,0.079,0.122,0.31
lower_legis,State House District 20,24681,5380,0.22,19301,0.78,4646,0.19,16268,0.66,1641,0.07,4163,0.17,2609,0.11,4838,0.2,9774,7600,0.78,2892,0.3,24523,1550,0.06,3567,0.15,5329,260,0.05,765,0.14,4557,338,0.07,995,0.22,81.1,0.056,0.111,0.099,0.317,0.254,0.112,0.777,0.724,0.064,0.119,0.329
lower_legis,State House District 21,24391,4834,0.2,19557,0.8,4912,0.2,17400,0.71,722,0.03,1617,0.07,4652,0.19,4878,0.2,9985,7407,0.74,2801,0.29,24218,1433,0.06,3081,0.13,4815,193,0.04,315,0.07,4795,183,0.04,1111,0.23,81.9,0.056,0.108,0.093,0.317,0.232,0.103,0.785,0.764,0.042,0.102,0.31
lower_legis,State House District 22,23249,4021,0.17,19228,0.83,4799,0.21,18619,0.8,368,0.02,2332,0.1,1930,0.08,3136,0.13,10454,7497,0.72,2889,0.29,23096,1733,0.08,4707,0.2,4006,496,0.12,1057,0.26,4738,397,0.08,1363,0.29,80.1,0.058,0.115,0.097,0.32,0.259,0.114,0.772,0.722,0.057,0.135,0.33
lower_legis,State House District 23,23489,3726,0.16,19763,0.84,6950,0.3,20769,0.88,167,0.01,1283,0.05,1270,0.05,1786,0.08,10213,8550,0.84,2833,0.29,23216,865,0.04,2698,0.12,3584,73,0.02,286,0.08,6833,340,0.05,1104,0.16,81.4,0.063,0.104,0.096,0.323,0.232,0.108,0.803,0.778,0.044,0.11,0.29
lower_legis,State House District 24,24016,6101,0.25,17915,0.75,3203,0.13,8764,0.36,3055,0.13,11127,0.46,1070,0.04,3724,0.16,8819,4538,0.51,3702,0.43,23577,4152,0.18,8511,0.36,6034,1569,0.26,3253,0.54,2974,297,0.1,951,0.32,76.9,0.062,0.125,0.122,0.328,0.33,0.148,0.758,0.606,0.134,0.17,0.367
lower_legis,State House District 25,24505,6722,0.27,17783,0.73,2750,0.11,6760,0.28,2653,0.11,13726,0.56,1366,0.06,4043,0.16,10042,2564,0.26,5254,0.54,24405,6748,0.28,14318,0.59,6622,2157,0.33,5077,0.77,2750,378,0.14,1258,0.46,75.7,0.063,0.133,0.133,0.329,0.369,0.165,0.746,0.544,0.173,0.201,0.382
lower_legis,State House District 26,22407,4007,0.18,18400,0.82,3496,0.16,11639,0.52,2282,0.1,6525,0.29,1961,0.09,6084,0.27,8476,4030,0.48,2781,0.35,20086,2724,0.14,6088,0.3,3978,782,0.2,1601,0.4,3220,244,0.08,852,0.26,77.4,0.061,0.128,0.114,0.316,0.34,0.143,0.752,0.599,0.125,0.172,0.363
lower_legis,State House District 27,24596,4215,0.17,20381,0.83,4370,0.18,15853,0.64,1082,0.04,3963,0.16,3698,0.15,4994,0.2,10143,7377,0.73,2477,0.26,24473,2171,0.09,4050,0.17,4198,678,0.16,923,0.22,4264,302,0.07,897,0.21,80.6,0.058,0.115,0.101,0.322,0.269,0.119,0.773,0.708,0.07,0.132,0.334
lower_legis,State House District 28,24029,5130,0.21,18899,0.79,4683,0.19,18783,0.78,689,0.03,3033,0.13,1524,0.06,3236,0.13,9679,8166,0.84,2354,0.25,23947,1514,0.06,2791,0.12,5085,419,0.08,666,0.13,4665,261,0.06,834,0.18,82.2,0.062,0.11,0.099,0.334,0.257,0.116,0.788,0.747,0.053,0.114,0.316
lower_legis,State House District 29,23868,3994,0.17,19874,0.83,5435,0.23,16874,0.71,1077,0.05,1649,0.07,4268,0.18,5389,0.23,10451,6780,0.65,3036,0.29,23567,927,0.04,3385,0.14,3994,89,0.02,459,0.11,5189,310,0.06,1069,0.21,80.7,0.059,0.108,0.095,0.325,0.244,0.109,0.784,0.752,0.048,0.109,0.315
lower_legis,State House District 3,23817,5809,0.24,18008,0.76,2315,0.1,2393,0.1,4030,0.17,16425,0.69,969,0.04,4933,0.21,9575,2169,0.23,4734,0.53,23633,6851,0.29,12936,0.55,5736,2345,0.41,3937,0.69,2240,787,0.35,1424,0.64,76.9,0.056,0.134,0.143,0.316,0.373,0.161,0.743,0.522,0.202,0.187,0.391
lower_legis,State House District 30,23252,5227,0.22,18025,0.78,5274,0.23,20003,0.86,149,0.01,1505,0.06,1595,0.07,3037,0.13,9430,7711,0.82,2471,0.27,23212,997,0.04,3168,0.14,5198,236,0.05,935,0.18,5263,282,0.05,833,0.16,80.7,0.059,0.111,0.095,0.326,0.249,0.111,0.781,0.748,0.049,0.122,0.319
lower_legis,State House District 31,25032,5218,0.21,19814,0.79,5485,0.22,19407,0.78,467,0.02,2057,0.08,3101,0.12,3127,0.12,10365,8206,0.79,2468,0.25,24862,1086,0.04,2584,0.1,5188,70,0.01,466,0.09,5400,323,0.06,873,0.16,82.5,0.049,0.106,0.085,0.302,0.208,0.09,0.784,0.786,0.037,0.095,0.307
lower_legis,State House District 32,23659,4856,0.21,18803,0.79,4678,0.2,19112,0.81,738,0.03,1625,0.07,2184,0.09,1875,0.08,9489,7486,0.79,2661,0.29,23197,1226,0.05,3956,0.17,4826,157,0.03,665,0.14,4370,174,0.04,995,0.23,81.6,0.055,0.108,0.088,0.296,0.232,0.106,0.781,0.743,0.053,0.128,0.301
lower_legis,State House District 33,25241,3071,0.12,22170,0.88,2920,0.12,16789,0.67,3185,0.13,2391,0.09,2876,0.11,3330,0.13,10318,5458,0.53,3502,0.35,21109,1990,0.09,4276,0.2,2966,229,0.08,442,0.15,2804,303,0.11,756,0.27,78.3,0.047,0.116,0.086,0.266,0.244,0.101,0.761,0.692,0.072,0.14,0.324
lower_legis,State House District 34,23421,4863,0.21,18558,0.79,4808,0.21,21030,0.9,59,0,1346,0.06,986,0.04,1036,0.04,9173,7968,0.87,2402,0.26,23171,948,0.04,3337,0.14,4786,236,0.05,907,0.19,4667,228,0.05,888,0.19,83,0.049,0.109,0.083,0.281,0.217,0.096,0.773,0.749,0.05,0.137,0.31
lower_legis,State House District 35,23357,3828,0.16,19529,0.84,5279,0.23,20186,0.86,115,0,1672,0.07,1384,0.06,1717,0.07,9588,8463,0.88,2452,0.26,23319,1003,0.04,2727,0.12,3818,103,0.03,574,0.15,5251,300,0.06,685,0.13,82.4,0.055,0.107,0.089,0.299,0.223,0.102,0.786,0.757,0.049,0.123,0.295
lower_legis,State House District 36,23431,4458,0.19,18973,0.81,5318,0.23,20815,0.89,303,0.01,876,0.04,1437,0.06,1550,0.07,9820,7555,0.77,3079,0.32,23139,1207,0.05,3119,0.13,4438,300,0.07,780,0.18,5087,259,0.05,779,0.15,81.8,0.057,0.106,0.089,0.306,0.224,0.104,0.791,0.764,0.046,0.12,0.293
lower_legis,State House District 37,25654,5011,0.2,20643,0.8,5994,0.23,21175,0.83,948,0.04,1120,0.04,2411,0.09,2052,0.08,10145,7890,0.78,2895,0.29,24527,1382,0.06,3149,0.13,4952,377,0.08,553,0.11,5851,318,0.05,1027,0.18,81.4,0.051,0.109,0.088,0.285,0.227,0.097,0.779,0.757,0.056,0.136,0.331
lower_legis,State House District 38,24338,4548,0.19,19790,0.81,4818,0.2,21224,0.87,478,0.02,890,0.04,1746,0.07,1225,0.05,9957,7975,0.8,2541,0.26,23899,1339,0.06,3667,0.15,4539,285,0.06,787,0.17,4507,209,0.05,640,0.14,80.6,0.057,0.107,0.095,0.3,0.246,0.107,0.778,0.738,0.064,0.146,0.334
lower_legis,State House District 39,23770,4119,0.17,19651,0.83,3129,0.13,10683,0.45,3325,0.14,7953,0.33,1809,0.08,4689,0.2,9686,3354,0.35,4288,0.46,20450,4832,0.24,8974,0.44,4029,1622,0.4,2651,0.66,2960,431,0.15,1050,0.35,77.2,0.051,0.127,0.109,0.277,0.312,0.124,0.753,0.62,0.127,0.181,0.372
lower_legis,State House District 4,23473,5146,0.22,18327,0.78,2550,0.11,4434,0.19,4506,0.19,12358,0.53,2175,0.09,5410,0.23,9608,1146,0.12,4901,0.54,21052,7276,0.35,11505,0.55,5050,2309,0.46,3521,0.7,2521,864,0.34,1394,0.55,76.7,0.056,0.137,0.146,0.312,0.389,0.167,0.735,0.496,0.225,0.201,0.394
lower_legis,State House District 40,25218,4876,0.19,20342,0.81,3671,0.15,17609,0.7,1902,0.08,2443,0.1,3264,0.13,2123,0.08,10129,5049,0.5,3017,0.3,23123,1653,0.07,5415,0.23,4788,407,0.09,1647,0.34,3549,106,0.03,442,0.12,79,0.044,0.113,0.08,0.248,0.249,0.091,0.747,0.696,0.081,0.149,0.349
lower_legis,State House District 41,23657,3636,0.15,20021,0.85,6972,0.29,18586,0.79,503,0.02,1741,0.07,2827,0.12,1800,0.08,10910,7398,0.68,3173,0.3,23066,1968,0.09,4238,0.18,3602,526,0.15,926,0.26,6587,327,0.05,1072,0.16,80.8,0.056,0.107,0.092,0.291,0.243,0.103,0.778,0.743,0.063,0.131,0.325
lower_legis,State House District 42,23715,6668,0.28,17047,0.72,3536,0.15,18939,0.8,552,0.02,1285,0.05,2939,0.12,3225,0.14,7776,7023,0.9,2213,0.29,23444,512,0.02,1127,0.05,6649,57,0.01,112,0.02,3391,85,0.03,340,0.1,83.6,0.045,0.095,0.066,0.257,0.16,0.076,0.748,0.814,0.035,0.078,0.273
lower_legis,State House District 43,24696,5224,0.21,19472,0.79,5053,0.2,20769,0.84,466,0.02,1106,0.04,2355,0.1,1170,0.05,10362,8335,0.8,2966,0.29,24677,1252,0.05,4138,0.17,5211,335,0.06,1060,0.2,5053,241,0.05,942,0.19,82.2,0.054,0.108,0.09,0.291,0.228,0.098,0.78,0.763,0.05,0.135,0.327
lower_legis,State House District 44,26586,5847,0.22,20739,0.78,3982,0.15,20435,0.77,922,0.03,3708,0.14,1521,0.06,1275,0.05,10326,7010,0.68,3567,0.35,26397,3783,0.14,7762,0.29,5832,1323,0.23,2607,0.45,3845,454,0.12,1079,0.28,79,0.056,0.118,0.1,0.313,0.292,0.135,0.738,0.673,0.077,0.189,0.35
lower_legis,State House District 45,23884,4878,0.2,19006,0.8,3969,0.17,21172,0.89,136,0.01,765,0.03,1811,0.08,573,0.02,9436,7513,0.8,2515,0.27,23860,1354,0.06,4352,0.18,4861,252,0.05,1078,0.22,3969,123,0.03,756,0.19,80.4,0.052,0.112,0.089,0.283,0.238,0.101,0.769,0.738,0.059,0.155,0.342
lower_legis,State House District 46,23867,5053,0.21,18814,0.79,4012,0.17,13128,0.55,3025,0.13,4167,0.17,3547,0.15,3730,0.16,10035,4675,0.47,3697,0.38,23573,3605,0.15,8782,0.37,4838,1037,0.21,2315,0.48,3944,383,0.1,1211,0.31,76.1,0.058,0.121,0.114,0.303,0.303,0.132,0.761,0.63,0.109,0.198,0.377
lower_legis,State House District 47,25734,5397,0.21,20337,0.79,4608,0.18,21322,0.83,375,0.01,2372,0.09,1665,0.06,1183,0.05,10401,8272,0.8,3001,0.29,25516,1985,0.08,5468,0.21,5325,533,0.1,1384,0.26,4465,273,0.06,944,0.21,79.6,0.053,0.113,0.094,0.3,0.263,0.117,0.753,0.713,0.067,0.166,0.344
lower_legis,State House District 48,24649,5507,0.22,19142,0.78,4206,0.17,22224,0.9,422,0.02,911,0.04,1092,0.04,1152,0.05,9556,7854,0.82,2278,0.24,24452,1253,0.05,3583,0.15,5478,447,0.08,918,0.17,4067,200,0.05,827,0.2,79,0.049,0.11,0.084,0.276,0.224,0.094,0.77,0.756,0.053,0.145,0.333
lower_legis,State House District 49,24450,4013,0.16,20437,0.84,3746,0.15,14820,0.61,1239,0.05,7450,0.3,941,0.04,1815,0.07,9307,4679,0.5,3643,0.41,21064,4647,0.22,9356,0.44,3973,1098,0.28,2488,0.63,3494,212,0.06,859,0.25,77.5,0.055,0.125,0.111,0.295,0.343,0.145,0.728,0.603,0.137,0.181,0.356
lower_legis,State House District 5,25339,6104,0.24,19235,0.76,3381,0.13,5939,0.23,12089,0.48,4717,0.19,2594,0.1,4056,0.16,8830,5581,0.63,3121,0.37,24117,2866,0.12,6211,0.26,6084,1121,0.18,2148,0.35,3145,246,0.08,877,0.28,78.9,0.057,0.131,0.136,0.376,0.305,0.147,0.798,0.638,0.092,0.157,0.395
lower_legis,State House District 50,24832,4806,0.19,20026,0.81,4368,0.18,20707,0.83,143,0.01,2438,0.1,1544,0.06,1513,0.06,9931,7693,0.77,2735,0.29,24248,1431,0.06,3972,0.16,4745,251,0.05,787,0.17,4298,135,0.03,959,0.22,81.3,0.052,0.11,0.093,0.309,0.248,0.114,0.757,0.734,0.054,0.144,0.329
lower_legis,State House District 51,23182,4171,0.18,19011,0.82,4364,0.19,19212,0.83,166,0.01,2595,0.11,1209,0.05,1174,0.05,9756,6945,0.71,2752,0.29,22849,1711,0.07,5311,0.23,4137,174,0.04,1252,0.3,4180,395,0.09,1024,0.24,79.1,0.056,0.115,0.099,0.316,0.28,0.131,0.747,0.7,0.067,0.17,0.339
lower_legis,State House District 52,26126,5367,0.21,20759,0.79,5320,0.2,22774,0.87,483,0.02,1594,0.06,1275,0.05,660,0.03,10031,8558,0.85,2681,0.27,24721,1184,0.05,3237,0.13,5284,286,0.05,933,0.18,5117,300,0.06,722,0.14,80.7,0.051,0.107,0.085,0.301,0.232,0.102,0.768,0.724,0.059,0.143,0.335
lower_legis,State House District 53,23235,4638,0.2,18597,0.8,4200,0.18,19753,0.85,133,0.01,1623,0.07,1726,0.07,1496,0.06,9171,7813,0.85,2199,0.25,23052,1824,0.08,3926,0.17,4589,231,0.05,729,0.16,4079,251,0.06,596,0.15,81.1,0.047,0.107,0.079,0.287,0.209,0.09,0.778,0.75,0.045,0.123,0.323
lower_legis,State House District 54,25997,2413,0.09,23584,0.91,2407,0.09,18757,0.72,836,0.03,1728,0.07,4676,0.18,3547,0.14,5603,3041,0.54,2294,0.45,13010,3257,0.25,4868,0.37,2266,266,0.12,451,0.2,2323,141,0.06,437,0.19,82.4,0.034,0.131,0.059,0.207,0.286,0.075,0.736,0.626,0.078,0.129,0.346
lower_legis,State House District 55,24280,5190,0.21,19090,0.79,4251,0.18,21152,0.87,304,0.01,1451,0.06,1373,0.06,1510,0.06,8984,8194,0.91,2100,0.24,24142,1263,0.05,2255,0.09,5156,242,0.05,495,0.1,4150,203,0.05,550,0.13,81.8,0.047,0.107,0.082,0.295,0.205,0.09,0.779,0.767,0.041,0.116,0.319
lower_legis,State House District 56,23066,4098,0.18,18968,0.82,3896,0.17,16427,0.71,1617,0.07,2809,0.12,2213,0.1,2162,0.09,10106,4801,0.48,3463,0.35,22808,3278,0.14,7096,0.31,4085,545,0.13,1516,0.37,3657,492,0.13,1248,0.34,78.9,0.054,0.113,0.091,0.303,0.256,0.113,0.772,0.679,0.07,0.154,0.343
lower_legis,State House District 57,24005,5103,0.21,18902,0.79,4324,0.18,18301,0.76,1201,0.05,1897,0.08,2606,0.11,2230,0.09,9501,6539,0.69,2561,0.27,23883,1707,0.07,3234,0.14,4982,403,0.08,542,0.11,4324,185,0.04,869,0.2,80.7,0.051,0.11,0.085,0.298,0.229,0.1,0.774,0.726,0.054,0.133,0.332
lower_legis,State House District 58,22878,4863,0.21,18015,0.79,4068,0.18,15571,0.68,1215,0.05,3354,0.15,2738,0.12,1697,0.07,9561,6463,0.68,3085,0.33,22631,3275,0.14,6123,0.27,4825,1205,0.25,1965,0.41,3867,313,0.08,800,0.21,78.9,0.056,0.115,0.095,0.314,0.274,0.115,0.757,0.683,0.075,0.153,0.349
lower_legis,State House District 59,24788,3868,0.16,20920,0.84,4428,0.18,18580,0.75,1573,0.06,2477,0.1,2158,0.09,1779,0.07,10038,8131,0.81,2460,0.25,23026,1005,0.04,2645,0.11,3811,229,0.06,597,0.16,4208,253,0.06,704,0.17,79.6,0.053,0.111,0.09,0.31,0.249,0.105,0.765,0.723,0.061,0.132,0.337
lower_legis,State House District 6,23128,4986,0.22,18142,0.78,3416,0.15,4055,0.18,4894,0.21,13539,0.59,640,0.03,6116,0.26,9189,4245,0.46,4520,0.51,22797,3824,0.17,8194,0.36,4875,1261,0.26,2403,0.49,3216,742,0.23,1354,0.42,78.5,0.057,0.131,0.138,0.321,0.358,0.158,0.75,0.552,0.181,0.181,0.384
lower_legis,State House District 60,23627,4301,0.18,19326,0.82,4407,0.19,14477,0.61,3932,0.17,2467,0.1,2751,0.12,2733,0.12,9968,7858,0.79,3019,0.31,23550,1622,0.07,4196,0.18,4296,287,0.07,999,0.23,4358,281,0.06,856,0.2,79.8,0.055,0.116,0.104,0.334,0.255,0.115,0.784,0.718,0.058,0.128,0.348
lower_legis,State House District 61,26151,5226,0.2,20925,0.8,4617,0.18,20901,0.8,1807,0.07,1547,0.06,1896,0.07,1888,0.07,9263,7992,0.86,2165,0.24,24210,1068,0.04,2187,0.09,5051,274,0.05,520,0.1,4422,201,0.05,504,0.11,80.6,0.054,0.111,0.09,0.311,0.246,0.105,0.768,0.731,0.057,0.128,0.332
lower_legis,State House District 62,23118,4695,0.2,18423,0.8,4479,0.19,21204,0.92,108,0,869,0.04,937,0.04,1009,0.04,9108,8142,0.89,1916,0.22,23000,605,0.03,1816,0.08,4671,76,0.02,218,0.05,4393,215,0.05,509,0.12,81.9,0.051,0.105,0.083,0.295,0.212,0.095,0.765,0.768,0.041,0.114,0.315
lower_legis,State House District 63,22420,3676,0.16,18744,0.84,5386,0.24,17985,0.8,933,0.04,2185,0.1,1317,0.06,1588,0.07,9779,7346,0.75,3084,0.32,21943,2155,0.1,4228,0.19,3460,405,0.12,936,0.27,5191,591,0.11,1071,0.21,79.6,0.061,0.106,0.095,0.303,0.263,0.126,0.742,0.685,0.07,0.15,0.334
lower_legis,State House District 64,24209,4551,0.19,19658,0.81,6240,0.26,19718,0.81,349,0.01,2232,0.09,1910,0.08,2436,0.1,9930,7175,0.72,2892,0.31,23520,2600,0.11,4983,0.21,4380,892,0.2,1310,0.3,6016,149,0.02,877,0.15,80.9,0.065,0.1,0.096,0.32,0.241,0.119,0.767,0.738,0.05,0.116,0.307
lower_legis,State House District 65,24962,4974,0.2,19988,0.8,3419,0.14,15027,0.6,2812,0.11,5065,0.2,2058,0.08,3866,0.15,10301,5654,0.55,3981,0.39,24444,4346,0.18,9685,0.4,4786,1077,0.23,2612,0.55,3175,465,0.15,1204,0.38,77.8,0.062,0.108,0.097,0.302,0.274,0.13,0.737,0.665,0.081,0.158,0.338
lower_legis,State House District 66,23547,3936,0.17,19611,0.83,6186,0.26,20026,0.85,646,0.03,1432,0.06,1443,0.06,1604,0.07,10164,8100,0.8,2842,0.28,23416,1268,0.05,3072,0.13,3902,116,0.03,437,0.11,6118,298,0.05,904,0.15,82.2,0.057,0.1,0.088,0.3,0.224,0.107,0.758,0.747,0.046,0.117,0.311
lower_legis,State House District 67,23178,5125,0.22,18053,0.78,3535,0.15,18633,0.8,591,0.03,2461,0.11,1493,0.06,2263,0.1,8996,7128,0.79,3367,0.38,22958,1777,0.08,4245,0.18,5115,366,0.07,1149,0.22,3377,200,0.06,670,0.2,81,0.047,0.102,0.079,0.267,0.213,0.096,0.737,0.733,0.055,0.123,0.323
lower_legis,State House District 68,23726,4400,0.19,19326,0.81,5290,0.22,18573,0.78,745,0.03,2770,0.12,1638,0.07,3203,0.13,9391,7212,0.77,3103,0.34,23614,1862,0.08,4312,0.18,4369,612,0.14,995,0.23,5211,256,0.05,1025,0.2,79.5,0.056,0.107,0.092,0.299,0.249,0.116,0.746,0.705,0.068,0.145,0.336
lower_legis,State House District 69,24076,4484,0.19,19592,0.81,6830,0.28,20265,0.84,719,0.03,1610,0.07,1482,0.06,2300,0.1,9711,8342,0.86,3118,0.33,23812,821,0.03,2914,0.12,4468,10,0,357,0.08,6662,509,0.08,1531,0.23,82,0.06,0.1,0.091,0.32,0.229,0.111,0.774,0.772,0.044,0.111,0.311
lower_legis,State House District 7,22062,4671,0.21,17391,0.79,2487,0.11,2794,0.13,12805,0.58,5729,0.26,734,0.03,4017,0.18,7888,2697,0.34,4422,0.59,18889,5734,0.3,10580,0.56,4486,2074,0.46,3479,0.78,2487,531,0.21,1164,0.47,77.1,0.055,0.149,0.156,0.375,0.365,0.17,0.785,0.53,0.137,0.198,0.436
lower_legis,State House District 70,24590,4905,0.2,19685,0.8,3128,0.13,14658,0.6,3167,0.13,3718,0.15,3047,0.12,4968,0.2,9434,6533,0.69,2990,0.33,24478,1504,0.06,4375,0.18,4793,312,0.07,1072,0.22,3128,195,0.06,539,0.17,80,0.048,0.11,0.085,0.287,0.241,0.104,0.737,0.71,0.071,0.161,0.357
lower_legis,State House District 71,22410,4407,0.2,18003,0.8,3835,0.17,14354,0.64,2364,0.11,4115,0.18,1577,0.07,3946,0.18,8262,5883,0.71,2510,0.31,21903,2764,0.13,4786,0.22,4361,767,0.18,1105,0.25,3792,219,0.06,734,0.19,80.2,0.059,0.113,0.103,0.321,0.278,0.13,0.752,0.679,0.091,0.169,0.362
lower_legis,State House District 72,25300,6337,0.25,18963,0.75,3520,0.14,3890,0.15,8118,0.32,11536,0.46,1756,0.07,4317,0.17,9843,4029,0.41,4647,0.5,25034,6486,0.26,12907,0.52,6172,2507,0.41,4162,0.67,3442,291,0.08,1078,0.31,75.2,0.068,0.134,0.156,0.36,0.381,0.192,0.743,0.512,0.196,0.245,0.421
lower_legis,State House District 73,24629,6147,0.25,18482,0.75,2854,0.12,7478,0.3,7263,0.29,7606,0.31,2282,0.09,4016,0.16,9725,5233,0.54,4049,0.43,24413,3940,0.16,9429,0.39,6024,1254,0.21,3141,0.52,2792,276,0.1,1098,0.39,77.5,0.057,0.122,0.116,0.326,0.31,0.145,0.745,0.615,0.126,0.198,0.39
lower_legis,State House District 74,22983,4932,0.21,18051,0.79,3955,0.17,7983,0.35,4270,0.19,8374,0.36,2356,0.1,4192,0.18,9886,4456,0.45,4137,0.43,22532,4365,0.19,8705,0.39,4705,1256,0.27,2415,0.51,3779,631,0.17,1442,0.38,76.4,0.061,0.118,0.114,0.33,0.305,0.145,0.748,0.632,0.115,0.19,0.381
lower_legis,State House District 75,22730,5107,0.22,17623,0.78,2979,0.13,5534,0.24,6313,0.28,9391,0.41,1492,0.07,4347,0.19,9606,1882,0.2,4519,0.51,22062,6780,0.31,12573,0.57,4892,1643,0.34,3161,0.65,2758,828,0.3,1523,0.55,76.5,0.069,0.131,0.154,0.351,0.38,0.19,0.737,0.514,0.199,0.245,0.414
lower_legis,State House District 76,24004,5543,0.23,18461,0.77,3709,0.15,19877,0.83,554,0.02,1896,0.08,1677,0.07,2080,0.09,8786,7757,0.88,2206,0.25,23945,703,0.03,2201,0.09,5487,81,0.01,372,0.07,3709,64,0.02,379,0.1,81.5,0.052,0.105,0.084,0.291,0.221,0.101,0.754,0.746,0.048,0.126,0.321
lower_legis,State House District 77,23723,4919,0.21,18804,0.79,4186,0.18,16444,0.69,1135,0.05,4001,0.17,2143,0.09,1894,0.08,9262,6929,0.75,2359,0.26,23551,1758,0.07,4282,0.18,4859,617,0.13,1246,0.26,4114,178,0.04,785,0.19,79.9,0.064,0.118,0.104,0.335,0.284,0.13,0.773,0.699,0.066,0.148,0.338
lower_legis,State House District 78,24889,5113,0.21,19776,0.79,3686,0.15,17796,0.72,1184,0.05,3311,0.13,2598,0.1,1654,0.07,9535,7147,0.75,3173,0.34,24464,1864,0.08,4452,0.18,4904,452,0.09,1185,0.24,3501,187,0.05,571,0.16,79.4,0.054,0.115,0.091,0.301,0.26,0.114,0.751,0.698,0.067,0.152,0.341
lower_legis,State House District 79,24152,5176,0.21,18976,0.79,3582,0.15,14518,0.6,1942,0.08,6086,0.25,1606,0.07,2635,0.11,9775,5043,0.52,3685,0.39,23869,2990,0.13,7540,0.32,5137,1077,0.21,2258,0.44,3360,401,0.12,1024,0.3,78.5,0.058,0.121,0.098,0.311,0.288,0.125,0.755,0.668,0.082,0.163,0.35
lower_legis,State House District 8,23791,4524,0.19,19267,0.81,4866,0.2,21559,0.91,98,0,1061,0.04,1073,0.05,1282,0.05,9537,8473,0.89,1792,0.19,23745,1168,0.05,2996,0.13,4480,273,0.06,580,0.13,4866,275,0.06,890,0.18,80.9,0.048,0.107,0.08,0.286,0.208,0.09,0.777,0.756,0.046,0.128,0.326
lower_legis,State House District 80,22716,4837,0.21,17879,0.79,4046,0.18,19451,0.86,692,0.03,1126,0.05,1447,0.06,1501,0.07,8433,7539,0.89,1983,0.24,22497,315,0.01,1536,0.07,4819,12,0,382,0.08,3974,115,0.03,531,0.13,80.1,0.053,0.109,0.086,0.305,0.235,0.103,0.764,0.75,0.052,0.132,0.331
lower_legis,State House District 81,23708,4335,0.18,19373,0.82,5017,0.21,20217,0.85,606,0.03,1145,0.05,1740,0.07,2110,0.09,9655,7528,0.78,2338,0.25,23516,1243,0.05,3218,0.14,4334,402,0.09,834,0.19,4870,231,0.05,945,0.19,81.1,0.057,0.111,0.09,0.318,0.245,0.108,0.777,0.75,0.048,0.122,0.32
lower_legis,State House District 82,25155,4904,0.19,20251,0.81,4412,0.18,14603,0.58,1348,0.05,7928,0.32,1276,0.05,2527,0.1,10196,7322,0.72,3447,0.34,24754,2853,0.12,6588,0.27,4900,996,0.2,2154,0.44,4093,294,0.07,943,0.23,80.1,0.051,0.108,0.093,0.3,0.253,0.113,0.745,0.7,0.091,0.156,0.358
lower_legis,State House District 83,24970,5366,0.21,19604,0.79,4323,0.17,17974,0.72,971,0.04,3606,0.14,2419,0.1,2545,0.1,9487,7856,0.83,3005,0.32,24929,1471,0.06,4462,0.18,5327,521,0.1,1442,0.27,4323,176,0.04,703,0.16,80.1,0.053,0.107,0.092,0.308,0.244,0.109,0.757,0.727,0.068,0.142,0.342
lower_legis,State House District 84,21205,5453,0.26,15752,0.74,2739,0.13,6697,0.32,2324,0.11,11593,0.55,591,0.03,2150,0.1,9068,3036,0.33,3878,0.45,20893,5450,0.26,10855,0.52,5395,2032,0.38,3791,0.7,2528,507,0.2,1315,0.52,77.4,0.052,0.116,0.11,0.304,0.295,0.132,0.732,0.623,0.141,0.188,0.381
lower_legis,State House District 85,23851,4420,0.19,19431,0.81,4628,0.19,18018,0.76,392,0.02,3863,0.16,1578,0.07,3272,0.14,10001,6825,0.68,2988,0.31,23427,2063,0.09,3635,0.16,4410,476,0.11,689,0.16,4407,593,0.13,1320,0.3,80.3,0.053,0.103,0.085,0.298,0.237,0.105,0.751,0.74,0.064,0.138,0.338
lower_legis,State House District 86,23221,4379,0.19,18842,0.81,4760,0.2,20475,0.88,309,0.01,1429,0.06,1008,0.04,1628,0.07,9064,8074,0.89,2423,0.27,23136,802,0.03,2861,0.12,4378,124,0.03,445,0.1,4699,247,0.05,965,0.21,80.8,0.051,0.105,0.084,0.297,0.222,0.099,0.76,0.757,0.051,0.135,0.328
lower_legis,State House District 87,24179,4952,0.2,19227,0.8,5565,0.23,19735,0.82,794,0.03,1713,0.07,1937,0.08,2363,0.1,9559,7887,0.83,2243,0.24,24027,1494,0.06,3099,0.13,4888,463,0.09,733,0.15,5495,243,0.04,787,0.14,82.7,0.056,0.101,0.09,0.317,0.227,0.105,0.769,0.767,0.048,0.123,0.327
lower_legis,State House District 88,24691,3002,0.12,21689,0.88,4420,0.18,16930,0.69,3541,0.14,1966,0.08,2254,0.09,3253,0.13,8336,5076,0.61,2641,0.33,19129,1730,0.09,2994,0.16,2878,259,0.09,486,0.17,4111,227,0.06,705,0.17,80.3,0.043,0.107,0.075,0.266,0.213,0.086,0.749,0.76,0.052,0.109,0.332
lower_legis,State House District 89,23642,5615,0.24,18027,0.76,4339,0.18,17936,0.76,1385,0.06,1199,0.05,3122,0.13,2845,0.12,8036,7368,0.92,1895,0.24,23335,789,0.03,2289,0.1,5421,233,0.04,474,0.09,4253,100,0.02,486,0.11,81.9,0.048,0.105,0.085,0.293,0.218,0.098,0.755,0.755,0.057,0.132,0.337
lower_legis,State House District 9,23613,5281,0.22,18332,0.78,4141,0.18,11660,0.49,3503,0.15,5114,0.22,3336,0.14,4505,0.19,9306,6392,0.69,3274,0.35,23126,2677,0.12,6398,0.28,5216,714,0.14,2010,0.39,3818,541,0.14,1153,0.3,79.5,0.057,0.119,0.109,0.328,0.284,0.126,0.773,0.673,0.084,0.145,0.356
lower_legis,State House District 90,22780,3947,0.17,18833,0.83,5331,0.23,19629,0.86,189,0.01,1366,0.06,1596,0.07,2056,0.09,9387,7749,0.83,2649,0.28,22404,750,0.03,2558,0.11,3947,134,0.03,477,0.12,5006,246,0.05,934,0.19,81.7,0.053,0.103,0.085,0.301,0.226,0.102,0.761,0.757,0.053,0.132,0.329
lower_legis,State House District 91,21627,4557,0.21,17070,0.79,3865,0.18,10903,0.5,4666,0.22,4232,0.2,1826,0.08,3095,0.14,9201,5327,0.58,3253,0.36,21381,2241,0.1,4938,0.23,4492,676,0.15,1275,0.28,3714,394,0.11,965,0.26,79.1,0.049,0.109,0.092,0.308,0.235,0.106,0.764,0.728,0.064,0.129,0.355
lower_legis,State House District 92,25769,5561,0.22,20208,0.78,2994,0.12,8919,0.35,9239,0.36,5908,0.23,1703,0.07,4085,0.16,10311,3271,0.32,4863,0.48,25338,5875,0.23,10799,0.43,5381,1821,0.34,3182,0.59,2828,433,0.15,744,0.26,78.1,0.049,0.13,0.121,0.325,0.306,0.139,0.753,0.596,0.121,0.189,0.411
lower_legis,State House District 93,24440,5612,0.23,18828,0.77,1957,0.08,6016,0.25,10595,0.43,5849,0.24,1980,0.08,2515,0.1,7966,1618,0.2,4096,0.54,20027,6903,0.34,11403,0.57,5521,2734,0.5,4066,0.74,1957,392,0.2,891,0.46,75.8,0.044,0.134,0.118,0.307,0.311,0.133,0.743,0.574,0.119,0.193,0.421
lower_legis,State House District 94,22962,4659,0.2,18303,0.8,1810,0.08,6091,0.27,10008,0.44,3789,0.17,3074,0.13,4231,0.18,7486,3257,0.44,2930,0.42,19445,3421,0.18,6961,0.36,4615,1066,0.23,2176,0.47,1810,163,0.09,506,0.28,77.5,0.047,0.125,0.115,0.319,0.282,0.129,0.756,0.628,0.095,0.172,0.404
lower_legis,State House District 95,24447,7556,0.31,16891,0.69,2496,0.1,4607,0.19,5373,0.22,12883,0.53,1584,0.06,6516,0.27,8765,2307,0.26,5067,0.6,24259,6940,0.29,13411,0.55,7479,2407,0.32,4831,0.65,2407,930,0.39,1570,0.65,77.4,0.055,0.128,0.142,0.326,0.359,0.167,0.73,0.511,0.217,0.221,0.418
lower_legis,State House District 96,23485,3387,0.14,20098,0.86,1888,0.08,11368,0.48,3026,0.13,5972,0.25,3119,0.13,4735,0.2,11178,2128,0.19,4890,0.46,22250,4769,0.21,7532,0.34,3382,1119,0.33,1633,0.48,1808,131,0.07,525,0.29,79.1,0.043,0.119,0.105,0.274,0.288,0.121,0.721,0.6,0.147,0.172,0.387
lower_legis,State House District 97,23589,5051,0.21,18538,0.79,4431,0.19,8733,0.37,4438,0.19,8987,0.38,1431,0.06,3016,0.13,10647,4784,0.45,4535,0.44,23344,4901,0.21,10480,0.45,4960,1585,0.32,3028,0.61,4316,687,0.16,2331,0.54,78.4,0.055,0.117,0.118,0.32,0.301,0.142,0.744,0.614,0.143,0.184,0.389
lower_legis,State House District 98,23512,4787,0.2,18725,0.8,6597,0.28,20896,0.89,272,0.01,964,0.04,1380,0.06,1695,0.07,9631,8199,0.85,3077,0.32,23342,728,0.03,2604,0.11,4786,60,0.01,402,0.08,6451,198,0.03,1015,0.16,82.7,0.053,0.101,0.086,0.314,0.209,0.098,0.775,0.791,0.04,0.111,0.316
lower_legis,State House District 99,23568,4221,0.18,19347,0.82,4709,0.2,17160,0.73,1049,0.04,4201,0.18,1158,0.05,2373,0.1,9117,6517,0.71,3395,0.38,23285,1802,0.08,5034,0.22,4165,272,0.07,978,0.23,4505,512,0.11,1262,0.28,78.8,0.059,0.109,0.097,0.319,0.268,0.124,0.751,0.701,0.076,0.163,0.352
